family,method,n,exact_pass,median_us_per_filter,min_us_per_filter,max_us_per_filter,false_accepts,false_rejects
ordinary,integer,1024,611,0.564106201171875,0.53876611328125,0.62171337890625,0,0
ordinary,grid1024,1024,611,1.686391845703125,1.570971923828125,1.9376669921875,0,0
ordinary,grid16384,1024,611,27.877728515625,26.4138583984375,29.532371826171875,0,0
ordinary,float64_algebraic,1024,611,0.01113720703125,0.010687255859375,0.012078369140625,0,0
high_q,integer,1024,539,0.599275390625,0.57029931640625,0.719463134765625,0,0
high_q,grid1024,1024,539,2.161357666015625,2.028531494140625,4.190898681640625,356,0
high_q,grid16384,1024,539,33.816509033203126,32.70296435546875,41.433221435546876,213,0
high_q,float64_algebraic,1024,539,0.012063720703125,0.0111201171875,0.015794677734375,2,5
near_threshold,integer,1024,431,0.377707275390625,0.360093505859375,0.428116455078125,0,0
near_threshold,grid1024,1024,431,0.932292724609375,0.87641650390625,0.98089501953125,0,0
near_threshold,grid16384,1024,431,16.152820068359375,14.86031201171875,17.181955322265626,0,0
near_threshold,float64_algebraic,1024,431,0.011085693359375,0.010205322265625,0.015665283203125,0,0
unstable,integer,1024,0,0.008508544921875,0.0083544921875,0.00891455078125,0,0
unstable,grid1024,1024,0,0.006740966796875,0.006572265625,0.007166259765625,0,0
unstable,grid16384,1024,0,0.007093017578125,0.00667236328125,0.010471923828125,0,0
unstable,float64_algebraic,1024,0,0.006716552734375,0.00634228515625,0.008799560546875,0,0
